Customers,,,,,,,,,,,,,,,,,,,,,,,,,,,,,,,
CustAddress,first_name,last_name,email,gender,CustCity,CustState,CustSuffix,SSN,StartDate,EndDate,CusDOB,CustomerLegacyID,WithholdingCode,Alias LastName,Alias FirstName,Alias Suffix,AliasDOB,,AliasMailAddressas,,image DocumentID,age,heredity,income,burn the midnight oil,unhealthy eating habit,unstable emotion status,smoking and drinking,insufficient physical exercises,type of chronic disease ,
1 Sheridan Court,Reider,Blinkhorn,azold0@usa.gov,Male,Melbourne,Florida,II,409-39-9148,4/30/2000,1/12/2018,5/28/2010,2331805,6876,Zold,Ariel,IV,6/25/1998,,azold0@is.gd,,263414,13,0,0,0,1,1,0,0,obesity,
0 Johnson Park,Morrie,Kramer,sjeenes1@huffingtonpost.com,Male,San Jose,California,II,762-01-2795,11/17/2005,10/14/2022,12/19/2011,2290149,1342,Jeenes,Scotti,III,11/30/2006,,sjeenes1@cmu.edu,,403547,12,0,0,0,0,0,0,0,none,
9 Summit Park,Kellsie,Greener,bcodeman2@nymag.com,Female,Grand Rapids,Michigan,Jr,567-75-7966,2/27/2002,2/24/2022,4/13/1984,759479,4890,Codeman,Brena,Sr,5/12/1987,,bcodeman2@wordpress.org,,949437,39,1,1000,,1,1,1,1,"obesity, hyperlipemia",
42 Grim Center,Elijah,Rountree,sbunting3@oracle.com,Male,Aiken,South Carolina,Jr,524-38-9939,7/25/2005,9/19/2021,11/13/1995,4888121,5859,Bunting,Selig,Sr,9/20/2000,,sbunting3@answers.com,,877493,28,0,8000,,1,1,1,1,none,
4946 Lakewood Gardens Plaza,Kipper,Attkins,ghadland4@tamu.edu,Male,Anaheim,California,Sr,405-59-5143,7/24/2003,3/31/2017,8/28/2018,8078759,1223,Hadland,Geri,III,7/22/2007,,ghadland4@nymag.com,,239110,5,0,0,0,0,0,0,0,none,
95 Schiller Point,Homere,Blamires,evolonte5@desdev.cn,Male,Los Angeles,California,Sr,659-17-9120,8/2/2003,7/5/2022,8/22/1994,7658910,6301,Volonte,Ermanno,IV,12/2/1995,,evolonte5@huffingtonpost.com,,131616,29,0,7000,,0,1,1,1,"obesity,diabetes",
39440 Chive Alley,Letta,Dumingo,spryde6@nifty.com,Female,Nashville,Tennessee,Jr,724-85-8870,12/15/2003,11/8/2011,2/15/2017,882083,5907,Pryde,Shaylyn,III,1/11/1983,,spryde6@ezinearticles.com,,627763,6,0,0,0,0,0,0,0,noen,
8 Sherman Hill,Filmer,Ratter,kdragge7@elegantthemes.com,Male,Tacoma,Washington,Jr,519-66-6922,5/9/2003,4/5/2014,12/25/2020,7964137,9769,Dragge,Kerby,II,1/17/1980,,kdragge7@npr.org,,266530,3,0,0,0,0,0,0,0,noen,
6 Graedel Crossing,Justis,Jobbins,stregoning8@nytimes.com,Agender,Saint Louis,Missouri,IV,465-06-3975,12/1/2003,5/25/2012,7/3/1995,4131191,2819,Tregoning,Siegfried,Sr,11/30/2001,,stregoning8@spiegel.de,,56168,28,1,50000,,0,1,1,1,noen,
2 Melvin Lane,Vernor,Onraet,mturbard9@1688.com,Male,Green Bay,Wisconsin,Jr,134-81-1815,12/16/2004,1/18/2018,10/14/1997,942479,1880,Turbard,Marius,II,6/15/1989,,mturbard9@slashdot.org,,896758,26,0,20000,,1,1,1,,obesity,
,,,,,,,,,,,,,,,,,,,,,,,,,,,,,,,
Invoice,,,,,,,,,,,,,,,,,,,,,,,,,,,,,,,
InvoiceNumber,PaidDate,DueDate,RunDate,Invoice Line Number,InvoceLineNumber,Detail lD,PremiumSubTotal,ConversionPendingFlag,PainAheadFlag,SSN,BAcctName,,,,,,,,,,,,,,,,,,,,
38741872,12/18/2018,2/21/2021,10/31/2021,18154,35814738,556806,4612,0,1,409-39-9148,tz1XdGGFDM775bpQFb3KMkKg63xi5fUFoHmn,,,,,,,,,,,,,,,,,,,,
95484791,3/23/2019,12/27/2021,1/16/2020,33926,12719469,722508,3102,1,1,762-01-2795,tz1NvHhtshh4M4p97BZgqL3JvWazfMZcL3Uz,,,,,,,,,,,,,,,,,,,,
76195147,7/16/2019,6/6/2021,12/10/2022,71125,18725396,707295,6357,1,1,567-75-7966,tz1W28HGFpPVB8WvZYJ2vxs12Bs3eDoutkUD,,,,,,,,,,,,,,,,,,,,
40898446,8/15/2019,5/28/2022,12/13/2021,60167,18157662,997798,1971,1,1,524-38-9939,tz1YWmPvBmBv9LzquFd5cjh7uwsMyZt1w2n2,,,,,,,,,,,,,,,,,,,,
47802033,10/6/2019,4/2/2022,1/29/2020,17393,64601081,409177,1488,0,1,405-59-5143,tz1cXsoLiTwuUY2oYrKWG4cFdssmq9pTqVqL,,,,,,,,,,,,,,,,,,,,
7022218,2/15/2018,5/9/2022,7/19/2020,32034,26496742,319492,281,1,1,659-17-9120,tz1PHm6GN64ZVVyGwmgWvDShjbfCP3dUvwNH,,,,,,,,,,,,,,,,,,,,
23109489,10/28/2018,8/2/2022,3/9/2022,99546,78617683,420651,4437,0,1,724-85-8870,tz1Xh6TGndujK8Yxj1nGVybkfwh2a26snr7h,,,,,,,,,,,,,,,,,,,,
42232282,3/20/2019,6/28/2022,11/28/2022,75606,20116147,864198,7643,1,1,519-66-6922,tz1dJUQRXHrnxej3okj1Bbpqj5ncTcY8kVKq,,,,,,,,,,,,,,,,,,,,
63776790,11/19/2019,10/4/2021,5/15/2022,78207,89903755,524331,4552,1,1,465-06-3975,tz1iMS534U2ea6sLZ7yGaLh58hMFqu2cLWmQ,,,,,,,,,,,,,,,,,,,,
11258659,6/8/2019,6/4/2022,10/4/2022,45606,16564096,667094,1052,0,1,134-81-1815,tz1SFCcemnJuwSdzhC2m2o346egjKNumhQ6m,,,,,,,,,,,,,,,,,,,,
,,,,,,,,,,,,,,,,,,,,,,,,,,,,,,,
Remittance,,,,,,,,,,,,,,,,,,,,,,,,,,,,,,,
RemittanceFreq,RemittanceID,RemittanceDate,PaymentDate,,,,,,,,,,,,,,,,,,,,,,,,,,,,
1/month,1331123,7/20/2018,8/21/2018,,,,,,,,,,,,,,,,,,,,,,,,,,,,
9/month,9344953,9/18/2021,9/22/2021,,,,,,,,,,,,,,,,,,,,,,,,,,,,
4/month,6405369,12/9/2018,12/15/2018,,,,,,,,,,,,,,,,,,,,,,,,,,,,
7/month,6649383,10/8/2021,10/14/2021,,,,,,,,,,,,,,,,,,,,,,,,,,,,
3/month,4205331,9/16/2022,9/22/2022,,,,,,,,,,,,,,,,,,,,,,,,,,,,
3/month,3375034,10/21/2019,10/26/2019,,,,,,,,,,,,,,,,,,,,,,,,,,,,
0/month,1119868,5/18/2021,5/24/2021,,,,,,,,,,,,,,,,,,,,,,,,,,,,
1/month,6600634,7/20/2021,7/29/2021,,,,,,,,,,,,,,,,,,,,,,,,,,,,
5/month,8952054,5/5/2019,5/15/2019,,,,,,,,,,,,,,,,,,,,,,,,,,,,
9/month,1323030,2/7/2019,8/17/2019,,,,,,,,,,,,,,,,,,,,,,,,,,,,
,,,,,,,,,,,,,,,,,,,,,,,,,,,,,,,
AccAdmin,,,,,,,,,,,,,,,,,,,,,,,,,,,,,,,
AccountFlag,BAcctFlag,AdminDescription,AdminID,AdminLastName,AdminFirstName,Adminsuffix,AdminAddress,AdminCity,AdminState,AdminZip,Phone,FaxNumber,Gender,EmailAddress,,AdminDescription,AdminID,,AdminLastName,,AdminFirstName,AdminAddress,AdminCity,AdminState,FaxNumber,Gender,EmailAddress,,,,
1,1,1,6453586,Robison,Yorgos,IV,4 Pond Center,Columbia,Missouri,56420,573-388-2587,585-151-4147,Male,yrobison0@abc.net.au,,,6081118,,Hellin,,Lemar,5527 Burrows Court,Hampton,Virginia,424-916-4699,Male,lhellin0@blogger.com,,,,
1,0,1,9156372,Raffles,Juliette,IV,16 Anhalt Junction,Honolulu,Hawaii,45655,808-454-0990,562-712-9070,Female,jraffles1@oaic.gov.au,,,,,,,,,,,,,,,,,
1,1,1,1050478,Worpole,Meara,Jr,094 Lindbergh Lane,New York City,New York,68439,516-451-9358,626-267-0296,Female,mworpole2@vk.com,,,,,,,,,,,,,,,,,
1,1,1,1370237,Curry,Ruth,Sr,194 Lyons Crossing,Peoria,Illinois,85220,309-280-5076,434-852-5098,Female,rcurry3@thetimes.co.uk,,,,,,,,,,,,,,,,,
1,1,1,3087649,Baldrey,Susanetta,Jr,555 Waubesa Center,Fort Worth,Texas,56818,817-552-7417,312-407-6282,Female,sbaldrey4@cocolog-nifty.com,,,,,,,,,,,,,,,,,
1,1,1,6901749,Duffer,Artus,Jr,37 Golf View Point,Saint Petersburg,Florida,52560,727-180-9767,801-436-1829,Male,aduffer5@ed.gov,,,,,,,,,,,,,,,,,
1,1,1,9968456,Loxdale,Corry,Jr,13979 Clemons Crossing,West Hartford,Connecticut,45121,860-182-0779,616-639-6207,Female,cloxdale6@aboutads.info,,,,,,,,,,,,,,,,,
1,1,1,9869633,Scarff,Corrie,Jr,006 Sugar Trail,Norwalk,Connecticut,70528,203-665-2508,915-465-4800,Male,cscarff7@macromedia.com,,,,,,,,,,,,,,,,,
1,1,1,7550930,Cowen,Chaddie,II,31 Spaight Pass,Milwaukee,Wisconsin,1174,414-855-0904,850-739-7969,Male,ccowen8@disqus.com,,,,,,,,,,,,,,,,,
1,1,1,7836320,Faulconer,Caleb,Sr,5043 Hintze Avenue,Lexington,Kentucky,10448,859-254-0720,920-452-1499,Male,cfaulconer9@friendfeed.com,,,,,,,,,,,,,,,,,
,,,,,,,,,,,,,,,,,,,,,,,,,,,,,,,
BillingAccount,,,,,,,,,,,,,,,,,,,,,,,,,,,,,,,
BAcctID,BAcctName,BillingAddress1,BillingAddress2,BillingCity,BillingState,BillingZip,OnlineBillingFlag,ActivityStatus,ActivityStatusDate,PayrollProcessorFlag,BillingPhone,BillingAcctTypeDate,SpecialHandingCode,ChangeFilesFlag,EnrollmentFileFlag,DebitCardFlag,BillingFileFlag,,NextVisitDate,,,,,,,,,,,,
6191095,tz1XdGGFDM775bpQFb3KMkKg63xi5fUFoHmn,4 Claremont Way,Suite 43,Salt Lake City,Utah,61246,TRUE,TRUE,12/19/2020,FALSE,801-639-5596,1/21/2022,1416,FALSE,TRUE,TRUE,TRUE,,5/24/2020,,,,,,,,,,,,
641504,tz1NvHhtshh4M4p97BZgqL3JvWazfMZcL3Uz,6360 Chinook Trail,Room 1144,Columbus,Ohio,16883,FALSE,TRUE,6/2/2020,TRUE,614-819-1680,3/9/2022,2006,FALSE,FALSE,TRUE,TRUE,,9/10/2023,,,,,,,,,,,,
3958856,tz1W28HGFpPVB8WvZYJ2vxs12Bs3eDoutkUD,8 Mayer Hill,5th Floor,Dallas,Texas,35389,TRUE,FALSE,11/7/2020,TRUE,972-795-9246,2/26/2023,3862,FALSE,FALSE,FALSE,FALSE,,5/2/2019,,,,,,,,,,,,
802300,tz1YWmPvBmBv9LzquFd5cjh7uwsMyZt1w2n2,02 Sycamore Road,Room 1090,Albany,New York,8885,TRUE,FALSE,5/17/2021,FALSE,518-786-5817,4/19/2021,1131,FALSE,TRUE,TRUE,FALSE,,1/14/2019,,,,,,,,,,,,
596935,tz1cXsoLiTwuUY2oYrKWG4cFdssmq9pTqVqL,066 Carpenter Terrace,Room 106,Cleveland,Ohio,2198,FALSE,FALSE,12/4/2018,FALSE,216-223-1550,3/23/2022,1437,FALSE,TRUE,FALSE,TRUE,,2/20/2023,,,,,,,,,,,,
3760858,tz1PHm6GN64ZVVyGwmgWvDShjbfCP3dUvwNH,86 Marquette Way,Apt 844,Pittsburgh,Pennsylvania,22268,FALSE,TRUE,7/4/2018,FALSE,412-835-0866,4/4/2023,8110,FALSE,FALSE,TRUE,TRUE,,2/20/2023,,,,,,,,,,,,
1181152,tz1Xh6TGndujK8Yxj1nGVybkfwh2a26snr7h,43816 Quincy Street,PO Box 81999,Bryan,Texas,77775,FALSE,FALSE,3/20/2019,FALSE,979-844-4232,11/6/2021,5200,TRUE,FALSE,TRUE,TRUE,,8/16/2020,,,,,,,,,,,,
2639720,tz1dJUQRXHrnxej3okj1Bbpqj5ncTcY8kVKq,1939 Bartillon Street,Room 1399,New York City,New York,10604,TRUE,TRUE,7/30/2018,FALSE,646-686-9216,7/26/2018,3652,TRUE,TRUE,FALSE,FALSE,,10/3/2022,,,,,,,,,,,,
1683670,tz1iMS534U2ea6sLZ7yGaLh58hMFqu2cLWmQ,4 Pawling Junction,16th Floor,Austin,Texas,69557,FALSE,TRUE,11/9/2022,FALSE,512-540-8428,3/18/2023,7566,TRUE,FALSE,TRUE,FALSE,,3/7/2018,,,,,,,,,,,,
4325596,tz1SFCcemnJuwSdzhC2m2o346egjKNumhQ6m,21 Anzinger Trail,PO Box 88999,Las Vegas,Nevada,39515,FALSE,FALSE,7/14/2021,FALSE,702-475-3774,8/29/2018,440,FALSE,FALSE,FALSE,FALSE,,10/8/2019,,,,,,,,,,,,
,,,,,,,,,,,,,,,,,,,,,,,,,,,,,,,
Product,,,,,,,,,,,,,,,,,,,,,,,,,,,,,,,
LineOfBusiness,PlanName,SeriesName,RatebookLocationCode,AnnualizedPremium,PSGName,Rider,,,,,,,,,,,,,,,,,,,,,,,,,
commercial,BronzePlus,B2,70534,605792,yuqofw,Covering commercial property,,,,,,,,,,,,,,,,,,,,,,,,,
personal,BronzePlus,B1,28544,886600,fweztw,Accidental Death Rider,,,,,,,,,,,,,,,,,,,,,,,,,
auto,Oscar Health Plan,Bronze Classic Standard,41889,313909,dhzill,Exterior Repair,,,,,,,,,,,,,,,,,,,,,,,,,
residence,UnitedHealthcare,UHC Bronze Value HSA,2061,635514,dqgymh,Theft Coverage,,,,,,,,,,,,,,,,,,,,,,,,,
personal,Oscar Health Plan,Bronze Classic Standard,35830,123051,eeentc,Accidental Death Rider,,,,,,,,,,,,,,,,,,,,,,,,,
personal,UnitedHealthcare,UHC Bronze Value HSA,813,70893,wvtvzw,Accidental Death Rider,,,,,,,,,,,,,,,,,,,,,,,,,
commercial,UnitedHealthcare,UHC Bronze Value HSA,24679,612214,trrqgt,Covering commercial property,,,,,,,,,,,,,,,,,,,,,,,,,
residence,Oscar Health Plan,Bronze Classic Standard,49225,7275,mujdug,Theft Coverage,,,,,,,,,,,,,,,,,,,,,,,,,
auto,UnitedHealthcare,UHC Bronze Value HSA,50548,514218,eelqzs,Exterior Repair,,,,,,,,,,,,,,,,,,,,,,,,,
commercial,UnitedHealthcare,UHC Bronze Value HSA,46560,991354,xuhier,Covering commercial property,,,,,,,,,,,,,,,,,,,,,,,,,
,,,,,,,,,,,,,,,,,,,,,,,,,,,,,,,
Account_Product,,,,,,,,,,,,,,,,,,,,,,,,,,,,,,,
StartDate,EndDate,LineOfBusiness,AccountID,,,,,,,,,,,,,,,,,,,,,,,,,,,,
4/17/2022,2/1/2023,commercial,5549030,,,,,,,,,,,,,,,,,,,,,,,,,,,,
2/18/2022,5/5/2023,personal,9632208,,,,,,,,,,,,,,,,,,,,,,,,,,,,
5/16/2022,10/29/2023,auto,1124005,,,,,,,,,,,,,,,,,,,,,,,,,,,,
1/27/2022,8/3/2023,residence,4191475,,,,,,,,,,,,,,,,,,,,,,,,,,,,
3/3/2022,12/16/2022,personal,7072083,,,,,,,,,,,,,,,,,,,,,,,,,,,,
5/8/2022,7/22/2023,personal,7053774,,,,,,,,,,,,,,,,,,,,,,,,,,,,
12/1/2021,3/27/2023,commercial,7251615,,,,,,,,,,,,,,,,,,,,,,,,,,,,
11/22/2021,1/12/2023,residence,5670340,,,,,,,,,,,,,,,,,,,,,,,,,,,,
7/6/2022,1/3/2023,auto,6190040,,,,,,,,,,,,,,,,,,,,,,,,,,,,
1/3/2022,11/8/2023,commercial,9416670,,,,,,,,,,,,,,,,,,,,,,,,,,,,
,,,,,,,,,,,,,,,,,,,,,,,,,,,,,,,
Account,,,,,,,,,,,,,,,,,,,,,,,,,,,,,,,
AccountName,AccountID,TaxIDNumber,NumberOfEmployees,ActivityStatus,GroupNumber,CompanyName,LegacyFlexID,AccountEstablishedDate,PlanYearStartDate,AccounPlanYearEndDate,DualCompanyFlag,ComplexAccountFlag,AnnualizedPremuim,NoMonthsInactive,LastInvoicePaidDueDate,LastBillCount,TotalPolicyCount,,AliasName,,AliasAddress,AliasCity,AliasState,AliasZip,AliasPhone,AliasEmailAddress,AliasFax,ssn,BAcctID,PlanName,SeriesName
91xn52ml,5549030,184937,38225,TRUE,154,Jamia,238313,7/30/2018,9/12/2019,2/4/2020,TRUE,TRUE,4/3/2059,FALSE,9/28/2021,24370,15682063,,Friedrich Cuppitt,,51 Loomis Plaza,New York City,New York,22858,813-315-0269,pheckle0@mediafire.com,Phil Heckle,409-39-9148,6191095,BronzePlus,B2
42so41ea,9632208,8562711,97463,TRUE,3102,Ooba,657930,10/8/2019,4/26/2018,5/11/2023,TRUE,TRUE,4/13/1948,FALSE,3/29/2022,41080,27709449,,Thomasin Gregson,,52 Homewood Crossing,Toledo,Ohio,55490,225-774-7256,csmorfit1@foxnews.com,Carlynne Smorfit,762-01-2795,641504,BronzePlus,B1
30bk57tb,1124005,7270225,42307,FALSE,6201,Oloo,482853,12/29/2019,9/27/2018,1/17/2022,FALSE,TRUE,11/13/2056,TRUE,10/22/2023,33072,61966325,,Jonie Hapke,,84317 Grayhawk Road,Lincoln,Nebraska,77592,727-621-9425,ekiln2@bbb.org,Emanuele Kiln,567-75-7966,3958856,Oscar Health Plan,Bronze Classic Standard
14ns80sz,4191475,306892,15215,FALSE,3497,Topicstorm,111886,5/30/2018,1/9/2019,5/25/2020,FALSE,TRUE,12/9/1935,FALSE,8/16/2021,33243,41267508,,Kareem Culbard,,77 Golden Leaf Lane,Fort Worth,Texas,1043,325-740-4823,wsultan3@cpanel.net,Wilona Sultan,524-38-9939,802300,UnitedHealthcare,UHC Bronze Value HSA
27ma41yf,7072083,6987141,15045,FALSE,8093,Edgeblab,305553,2/28/2018,9/2/2019,7/27/2023,FALSE,TRUE,10/19/2155,TRUE,7/5/2020,98881,52001684,,Olivero Creber,,203 Dottie Plaza,Sioux City,Iowa,10136,443-245-0089,hlightoller4@ebay.com,Hort Lightoller,405-59-5143,596935,Oscar Health Plan,Bronze Classic Standard
48xu28wr,7053774,2661722,44389,FALSE,2020,Wikizz,788910,12/21/2018,6/14/2018,1/1/2022,FALSE,FALSE,7/18/2027,FALSE,12/18/2019,55144,10053063,,Salvidor Shoutt,,0 Norway Maple Terrace,Philadelphia,Pennsylvania,6040,347-916-3225,umccandie5@newyorker.com,Ulric McCandie,659-17-9120,3760858,UnitedHealthcare,UHC Bronze Value HSA
49sb05zk,7251615,9229614,86433,TRUE,9820,Dabfeed,258159,1/10/2019,11/5/2018,9/28/2020,TRUE,FALSE,2/28/2007,TRUE,4/24/2022,37096,28728783,,Evan Haxby,,07 Trailsway Place,Raleigh,North Carolina,47544,915-575-4644,ychaise6@cpanel.net,Yank Chaise,724-85-8870,1181152,UnitedHealthcare,UHC Bronze Value HSA
26vk04fr,5670340,3227335,72986,TRUE,8613,Abatz,475992,5/30/2018,8/6/2018,4/30/2023,TRUE,TRUE,3/30/2038,FALSE,1/24/2021,40618,35822183,,Tamra Molineux,,8281 Atwood Way,Oklahoma City,Oklahoma,25223,717-742-8151,tsuthworth7@nhs.uk,Trace Suthworth,519-66-6922,2639720,Oscar Health Plan,Bronze Classic Standard
57xa24cw,6190040,3680875,21421,TRUE,5318,Eimbee,564898,2/19/2019,11/12/2018,7/1/2023,FALSE,FALSE,1/20/2135,FALSE,7/20/2019,14771,68646216,,Evyn Cowie,,3 Riverside Point,Evanston,Illinois,40949,904-674-2420,cantuoni8@howstuffworks.com,Curry Antuoni,465-06-3975,1683670,UnitedHealthcare,UHC Bronze Value HSA
57lg96nc,9416670,2037212,33206,TRUE,3294,Skinte,534963,6/18/2019,10/10/2018,3/10/2023,FALSE,TRUE,3/12/1996,FALSE,9/18/2021,93886,64124043,,Odille Spurdens,,26999 Pierstorff Street,Durham,North Carolina,72068,561-163-8551,dattoe9@goo.gl,Darsie Attoe,134-81-1815,4325596,UnitedHealthcare,UHC Bronze Value HSA
,,,,,,,,,,,,,,,,,,,,,,,,,,,,,,,
Location,,,,,,,,,,,,,,,,,,,,,,,,,,,,,,,
LocationAddress,Location City,Location State,LocationZip,AccountID,,,,,,,,,,,,,,,,,,,,,,,,,,,
6948 1st Pass,Tampa,Florida,817898,5549030,,,,,,,,,,,,,,,,,,,,,,,,,,,
3848 Scoville Plaza,Baton Rouge,Louisiana,905424,9632208,,,,,,,,,,,,,,,,,,,,,,,,,,,
5580 Merry Plaza,Saint Petersburg,Florida,79439,1124005,,,,,,,,,,,,,,,,,,,,,,,,,,,
505 Texas Lane,Abilene,Texas,884112,4191475,,,,,,,,,,,,,,,,,,,,,,,,,,,
16 Thackeray Plaza,Baltimore,Maryland,922717,7072083,,,,,,,,,,,,,,,,,,,,,,,,,,,
4197 Sloan Junction,Brooklyn,New York,109604,7053774,,,,,,,,,,,,,,,,,,,,,,,,,,,
27363 Southridge Road,El Paso,Texas,565541,7251615,,,,,,,,,,,,,,,,,,,,,,,,,,,
382 Upham Pass,York,Pennsylvania,745388,5670340,,,,,,,,,,,,,,,,,,,,,,,,,,,
98210 Grasskamp Drive,Jacksonville,Florida,983973,6190040,,,,,,,,,,,,,,,,,,,,,,,,,,,
92001 Artisan Hill,West Palm Beach,Florida,421033,9416670,,,,,,,,,,,,,,,,,,,,,,,,,,,
,,,,,,,,,,,,,,,,,,,,,,,,,,,,,,,
Contract,,,,,,,,,,,,,,,,,,,,,,,,,,,,,,,
ContractNumber,ActivityStatus,ActivityStatusDate,CoverageType,BillingMethod,SuspendCode,ExceptionCode,ModalPremium,AutoPremium,CreditCardNo,ExpirationDate,CardType,BankingTransitNumber,BankingAccountType,BankingAccountNumber,PremiumPaymentLimitr,SubstandardRater,AHPolicy,Underwriter,ContractUnderwriting documentID,DateReceived,LifePolicy InvestmentCode,LifePolicy Principal,LifePolicy InterestRate,LifePolicy AccruedInteres,LifePolicy LastActivityDate,LifePolicy LegalLastName,LifePolicy LegalFirstName,CashValue,Mortality,LineOfBusiness,SSN
6245365,FALSE,1/12/2018,auto insurance,check,1603,5305,monthly,monthly,4903475483491200000,4/25/2026,switch,5579280,check,132580524,6359272,0.05,2886088,Income,998615,2/12/2018,3478,5041,0.06,0.065,4/13/2022,Drinkhill,Mellisa,3582,47%,commercial,409-39-9148
6026352,FALSE,7/24/2022,life insurance,check,6631,5432,annually,annually,3538388554129040000,8/27/2025,jcb,8587503,saving,94164498,8152146,0.01,8050486,Credit,991335,8/24/2022,7084,8167,0.06,0.065,4/28/2023,O'Neary,Rafaelita,4234,57%,personal,762-01-2795
4545382,TRUE,9/11/2021,homeowners insurance,credit card,1232,6549,annually,annually,4508777694865460000,8/8/2026,visa-electron,8498836,MMAs,114041860,9013859,0.05,1454277,Asset Information,410734,10/11/2021,9735,5555,0.08,0.85,1/22/2022,Charle,Ronalda,122,5%,auto,567-75-7966
3383625,TRUE,5/9/2019,auto insurance,check,8021,7543,semi-annually,semi-annually,3039851106110520000,5/6/2025,diners-club-carte-blanche,294228,saving,84289273,2539531,0.08,5417078,Income,764451,6/9/2019,1092,2529,0.09,0.095,4/25/2023,Rhoddie,Millard,9842,29%,residence,524-38-9939
4587440,TRUE,8/5/2019,life insurance,credit card,9663,2724,monthly,monthly,4903862056403660000,11/9/2026,switch,2533102,MMAs,632778392,3673096,0.08,6003263,Credit,31894,9/5/2019,2011,80,0.084,0.09,9/5/2023,Pettingall,Shamus,644,96%,personal,405-59-5143
7568960,TRUE,1/27/2021,life insurance,check,7551,1678,semi-annually,semi-annually,3559049634198500000,3/29/2024,jcb,9194557,check,246571282,8734213,0.09,6675015,Income,786568,2/27/2021,1242,1049,0.095,0.97,4/24/2022,Cleugh,Wendi,6593,76%,personal,659-17-9120
3214306,FALSE,3/4/2018,life insurance,check,5663,6814,annually,annually,3543520160854190000,12/25/2023,jcb,1327219,saving,887539873,5076321,0.02,3890240,Credit,298710,4/4/2018,7818,1691,0.03,0.04,8/21/2023,Kellitt,Brade,9447,2%,commercial,724-85-8870
5496328,TRUE,8/9/2022,auto insurance,credit card,188,5575,semi-annually,semi-annually,3530074943181940000,7/17/2025,jcb,9020176,check,659407970,5259188,0.07,9691854,Income,690119,9/9/2022,3553,1989,0.076,0.08,11/9/2023,Durward,Anthia,2750,14%,residence,519-66-6922
1396984,TRUE,3/12/2020,life insurance,check,1466,1844,quarterly ,quarterly ,6370477087348850000,10/21/2026,instapayment,6582233,saving,678354660,4908485,0.09,1945868,Asset Information,670584,4/12/2020,7687,9989,0.095,0.098,11/8/2022,Ianelli,Helaina,1623,34%,auto,465-06-3975
4880713,FALSE,2/11/2018,life insurance,credit card,2292,9047,annually,annually,5575263577051000000,8/21/2025,mastercard,2869620,check,256678111,3477676,0.05,6248849,Credit,739430,3/11/2018,3025,8786,0.057,0.07,6/28/2021,Mattiato,Cassey,7878,5%,commercial,134-81-1815
,,,,,,,,,,,,,,,,,,,,,,,,,,,,,,,
Associate,,,,,,,,,,,,,,,,,,,,,,,,,,,,,,,
AssocLastName,AssocFirstName,AssocSuffix,AssocDOB,TenureDate,AssocPhone,ConsolAssocID,CorpEMailAddress,AssocAddress1,AssocAddress2,AssocCity,AssocState,AssocZip,StartDate,NationalLunsuranceID,,,,,,,,,,,,,,,,,
Freeberne,Audrie,IV,2/6/1997,12/24/2022,412-953-7563,529398,afreeberne0@ted.com,9564 Welch Alley,PO Box 78882,Pittsburgh,Pennsylvania,42469,6/17/2019,248186,,,,,,,,,,,,,,,,,
Saben,Abramo,III,1/12/21989,2/4/2023,718-885-2630,245084,asaben1@businessinsider.com,2012 Stang Trail,13th Floor,Brooklyn,New York,46426,9/13/2018,991215,,,,,,,,,,,,,,,,,
Laverack,Marietta,Jr,8/24/1988,8/7/2023,202-114-5558,915969,mlaverack2@hugedomains.com,7 Barnett Circle,PO Box 47465,Washington,District of Columbia,68076,10/24/2020,920789,,,,,,,,,,,,,,,,,
Edmonstone,Anstice,IV,6/2/1993,1/8/2023,803-577-3743,69096,aedmonstone3@is.gd,82 Ilene Alley,15th Floor,Columbia,South Carolina,7855,5/18/2021,459771,,,,,,,,,,,,,,,,,
Keymar,Wendye,III,4/26/1993,3/3/2023,702-271-1604,203495,wkeymar4@nytimes.com,8366 Mccormick Street,Suite 23,North Las Vegas,Nevada,7778,4/30/2019,396092,,,,,,,,,,,,,,,,,
Neville,Davon,II,2/28/1996,2/23/2023,916-857-8331,912339,dneville5@is.gd,80479 Lake View Place,PO Box 75563,Sacramento,California,86212,2/16/2017,656503,,,,,,,,,,,,,,,,,
Walsom,Dore,IV,5/12/1994,6/9/2023,559-349-8712,352470,dwalsom6@blogtalkradio.com,2559 Jenifer Center,Apt 49,Fresno,California,3895,1/21/2019,708803,,,,,,,,,,,,,,,,,
Colomb,Carlie,Sr,9/4/1995,10/8/2023,608-823-0238,133618,ccolomb7@a8.net,5736 Shasta Terrace,10th Floor,Madison,Wisconsin,39008,8/19/2021,142456,,,,,,,,,,,,,,,,,
Chatelain,Hewitt,Sr,11/6/1995,11/8/2023,202-209-0838,206848,hchatelain8@microsoft.com,773 Donald Hill,Apt 536,Washington,District of Columbia,70094,5/3/2022,322273,,,,,,,,,,,,,,,,,
Geany,Brit,IV,3/7/1992,6/1/2023,316-625-4677,924169,bgeany9@pen.io,1 Del Mar Lane,Suite 31,Wichita,Kansas,88050,2/18/2023,778495,,,,,,,,,,,,,,,,,
,,,,,,,,,,,,,,,,,,,,,,,,,,,,,,,
Territory,,,,,,,,,,,,,,,,,,,,,,,,,,,,,,,
TerritoryName,StartDate,TerritoryEndDate,StateOperationName,StateCode,StateEndDate,RegionName,RegionEndDate,DistrictName,DistrictEndDate,,,,,,,,,,,,,,,,,,,,,,
CN,8/30/2023,8/26/2023,afyjre,6231,1/13/2023,,11/22/2022,Jingxiyuan,3/8/2022,,,,,,,,,,,,,,,,,,,,,,
CA,10/5/2023,9/9/2023,tjpgdy,5158,8/4/2023,Qu√©bec,11/28/2022,Chambly,6/7/2021,,,,,,,,,,,,,,,,,,,,,,
NG,9/27/2023,8/8/2023,tastdx,6663,4/5/2023,,3/27/2023,Tegina,3/19/2023,,,,,,,,,,,,,,,,,,,,,,
DE,5/9/2023,11/28/2023,yrhrcf,4476,10/14/2023,Hessen,8/14/2023,Wiesbaden,6/3/2023,,,,,,,,,,,,,,,,,,,,,,
TH,8/29/2023,2/10/2023,iuukkc,8717,11/17/2022,,9/4/2023,Kanchanaburi,8/12/2021,,,,,,,,,,,,,,,,,,,,,,
MK,11/26/2022,12/7/2023,zvrdtm,9055,11/3/2022,,6/30/2022,Forino,5/23/2022,,,,,,,,,,,,,,,,,,,,,,
LK,8/14/2023,1/23/2023,ecwigy,1678,11/9/2022,,10/27/2022,Kelaniya,8/18/2020,,,,,,,,,,,,,,,,,,,,,,
NG,7/31/2023,3/1/2023,jbbihu,740,11/14/2022,,8/22/2021,Okpoga,5/21/2021,,,,,,,,,,,,,,,,,,,,,,
CN,8/26/2023,5/18/2023,qyuaqz,1119,2/13/2023,,4/1/2022,Jimo,1/20/2021,,,,,,,,,,,,,,,,,,,,,,
IL,7/21/2023,11/6/2023,tuindx,4264,7/28/2023,,6/23/2023,Kafir Yasif,6/16/2023,,,,,,,,,,,,,,,,,,,,,,
,,,,,,,,,,,,,,,,,,,,,,,,,,,,,,,
Employee,,,,,,,,,,,,,,,,,,,,,,,,,,,,,,,
EmployeeID,EmpLastName,EmpFirstName,EmpAddress1,EmpAddress2,EmpCity,EmpState,EmpZip,,,,,,,,,,,,,,,,,,,,,,,,
636515,Kemet,Euphemia,71 Kipling Crossing,Room 1459,Omaha,Nebraska,44658,,,,,,,,,,,,,,,,,,,,,,,,
396293,Challener,Adelheid,91821 Bunker Hill Alley,Room 1096,Athens,Georgia,77266,,,,,,,,,,,,,,,,,,,,,,,,
149982,Smogur,Selig,82557 Morning Park,Apt 983,San Diego,California,10795,,,,,,,,,,,,,,,,,,,,,,,,
410014,Halms,Kippar,022 Main Street,Suite 76,Orange,California,90872,,,,,,,,,,,,,,,,,,,,,,,,
655476,Westby,Ruprecht,41059 Nevada Street,Room 279,Washington,District of Columbia,49905,,,,,,,,,,,,,,,,,,,,,,,,
555033,Love,Terese,94101 Bunting Parkway,PO Box 9321,New Haven,Connecticut,1847,,,,,,,,,,,,,,,,,,,,,,,,
650304,Jackes,Derrek,757 Buena Vista Point,13th Floor,Canton,Ohio,69534,,,,,,,,,,,,,,,,,,,,,,,,
466068,Ikin,Bernadine,6471 Reinke Lane,Room 500,Grand Rapids,Michigan,79289,,,,,,,,,,,,,,,,,,,,,,,,
240262,Joiris,Denys,601 Rusk Junction,Suite 13,Migrate,Kentucky,69003,,,,,,,,,,,,,,,,,,,,,,,,
997622,Blaksland,Lorelei,22 Oak Valley Center,Room 910,San Antonio,Texas,64738,,,,,,,,,,,,,,,,,,,,,,,,
,,,,,,,,,,,,,,,,,,,,,,,,,,,,,,,
,,,,,,,,,,,,,,,,,,,,,,,,,,,,,,,
ManagerContract,,,,,,,,,,,,,,,,,,,,,,,,,,,,,,,
SitCode,IssueDate,ContractType,ContractSignDate,ContractProcessDate,CommissionCode,EndDate,,,,,,,,,,,,,,,,,,,,,,,,,
5978,9/26/2023,FFP,6/24/2022,12/25/2022,6932,9/7/2023,,,,,,,,,,,,,,,,,,,,,,,,,
8141,1/21/2023,Cost Reimbursement,5/22/2023,10/24/2023,9164,4/3/2026,,,,,,,,,,,,,,,,,,,,,,,,,
2192,8/31/2023,FFP,7/30/2022,12/28/2022,2018,9/1/2027,,,,,,,,,,,,,,,,,,,,,,,,,
2656,6/23/2023,Cost Plus Fixed Fee Contracts,10/14/2022,2/25/2023,7455,10/27/2027,,,,,,,,,,,,,,,,,,,,,,,,,
926,8/19/2023,FFP,8/1/2023,8/4/2023,9949,1/14/2026,,,,,,,,,,,,,,,,,,,,,,,,,
1037,10/17/2023,Cost Plus Fixed Fee Contracts,1/9/2023,2/9/2023,1164,1/27/2025,,,,,,,,,,,,,,,,,,,,,,,,,
4744,11/21/2022,FFP,1/15/2023,2/9/2023,5268,4/9/2026,,,,,,,,,,,,,,,,,,,,,,,,,
2407,1/3/2023,Cost Plus Fixed Fee Contracts,11/19/2022,3/25/2023,8585,12/28/2027,,,,,,,,,,,,,,,,,,,,,,,,,
8708,2/6/2023,FFP,12/15/2022,12/23/2022,1971,10/14/2025,,,,,,,,,,,,,,,,,,,,,,,,,
3091,3/7/2023,FFP,11/21/2022,11/22/2022,1511,12/15/2024,,,,,,,,,,,,,,,,,,,,,,,,,
,,,,,,,,,,,,,,,,,,,,,,,,,,,,,,,
ContractPremium,,,,,,,,,,,,,,,,,,,,,,,,,,,,,,,
AnnualizedPremium,ProcessDate,AppSignDate,Premium_MgmtContract Amount,Premium_MgmtContract CommissionRate,,,,,,,,,,,,,,,,,,,,,,,,,,,
13242,4/7/2013,1/28/2021,5720,0.071,,,,,,,,,,,,,,,,,,,,,,,,,,,
5410,2/12/2012,1/19/2011,8708,0.82,,,,,,,,,,,,,,,,,,,,,,,,,,,
77957,4/13/2021,12/18/2010,22,0.09,,,,,,,,,,,,,,,,,,,,,,,,,,,
61260,2/26/2014,7/15/2017,784,0.69,,,,,,,,,,,,,,,,,,,,,,,,,,,
59417,10/29/2017,6/28/2017,6227,0.48,,,,,,,,,,,,,,,,,,,,,,,,,,,
37230,2/27/2016,3/11/2018,4555,0.16,,,,,,,,,,,,,,,,,,,,,,,,,,,
68492,11/2/2015,12/25/2011,4456,0.97,,,,,,,,,,,,,,,,,,,,,,,,,,,
76567,12/10/2016,3/27/2021,5652,0.99,,,,,,,,,,,,,,,,,,,,,,,,,,,
5030,6/30/2023,11/16/2022,1072,0.96,,,,,,,,,,,,,,,,,,,,,,,,,,,
96196,3/8/2015,1/4/2023,7849,0.67,,,,,,,,,,,,,,,,,,,,,,,,,,,
,,,,,,,,,,,,,,,,,,,,,,,,,,,,,,,
Claim,,,,,,,,,,,,,,,,,,,,,,,,,,,,,,,
ClaimNumber,ClaimDate,ClaimDateSettlementDate,WellnessEligibilityDate,ContractNumber,LineOfBusiness,SSN,,,,,,,,,,,,,,,,,,,,,,,,,
83500511,6/2/2023,10/2/2023,11/4/2023,6245365,commercial,409-39-9148,,,,,,,,,,,,,,,,,,,,,,,,,
95501470,7/26/2023,8/7/2023,8/19/2023,6026352,personal,762-01-2795,,,,,,,,,,,,,,,,,,,,,,,,,
75856892,8/1/2023,9/3/2023,11/4/2023,4545382,auto,567-75-7966,,,,,,,,,,,,,,,,,,,,,,,,,
46008130,9/19/2022,10/10/2022,11/15/2022,3383625,residence,524-38-9939,,,,,,,,,,,,,,,,,,,,,,,,,
80687367,9/14/2022,10/2/2022,11/14/2022,4587440,personal,405-59-5143,,,,,,,,,,,,,,,,,,,,,,,,,
37442608,8/16/2023,9/10/2023,12/17/2023,7568960,personal,659-17-9120,,,,,,,,,,,,,,,,,,,,,,,,,
68628607,11/15/2022,11/7/2022,1/29/2023,3214306,commercial,724-85-8870,,,,,,,,,,,,,,,,,,,,,,,,,
78269958,1/2/2023,8/26/2023,10/9/2023,5496328,residence,519-66-6922,,,,,,,,,,,,,,,,,,,,,,,,,
86341049,12/22/2022,1/1/2023,3/4/2023,1396984,auto,465-06-3975,,,,,,,,,,,,,,,,,,,,,,,,,
26749087,10/22/2023,10/30/2023,11/6/2023,4880713,commercial,134-81-1815,,,,,,,,,,,,,,,,,,,,,,,,,
,,,,,,,,,,,,,,,,,,,,,,,,,,,,,,,
Claim image,,,,,,,,,,,,,,,,,,,,,,,,,,,,,,,
DocumentID,ImageType,DateReceived,ProcessedDate,ClaimNumber,,,,,,,,,,,,,,,,,,,,,,,,,,,
6915645,jpg,3/4/2022,5/21/2022,83500511,,,,,,,,,,,,,,,,,,,,,,,,,,,
2466470,jpg,10/28/2022,11/9/2022,95501470,,,,,,,,,,,,,,,,,,,,,,,,,,,
7111541,jpg,9/27/2022,11/26/2022,75856892,,,,,,,,,,,,,,,,,,,,,,,,,,,
5879270,jpg,7/12/2022,8/27/2022,46008130,,,,,,,,,,,,,,,,,,,,,,,,,,,
7875467,jpg,10/13/2021,7/19/2022,80687367,,,,,,,,,,,,,,,,,,,,,,,,,,,
7316485,jpg,6/12/2022,11/9/2022,37442608,,,,,,,,,,,,,,,,,,,,,,,,,,,
2056995,jpg,4/30/2022,7/20/2022,68628607,,,,,,,,,,,,,,,,,,,,,,,,,,,
3282937,jpg,6/18/2022,9/21/2022,78269958,,,,,,,,,,,,,,,,,,,,,,,,,,,
6234306,jpg,6/21/2022,12/13/2022,86341049,,,,,,,,,,,,,,,,,,,,,,,,,,,
1085821,jpg,11/29/2021,5/10/2022,26749087,,,,,,,,,,,,,,,,,,,,,,,,,,,